Новосибирскавтодор БО-03|RU000A10B461|-
НСКАТД БО-02|RU000A10ADD6|-
Авто Финанс Банк БО-001P-14|RU000A10B0U0|-
Балтийский лизинг БО-П15|RU000A10ATW2|-
Биннофарм Групп 001P-04|RU000A10AS28|-
ВИС ФИНАНС БО-П08|RU000A10B2T8|-
ВИС ФИНАНС БО-П07|RU000A10AV15|-
ДельтаЛизинг 001Р-02|RU000A10B0J3|-
Джи-групп 002P-06|RU000A10B1Q6|-
Европлан 001Р-09|RU000A10ASC6|-
ЕвроТранс, БО-001Р-05|RU000A10A141|-
Интерлизинг 001Р-11|RU000A10B4A4|-
Группа ЛСР 001P-10|RU000A10B0B0|-
РЖД 001Р-36R|RU000A10AUE8|-
РЖД 4-41-65045-D 27.11.2031|RU000A0JX1S1|-
ЛК РОДЕЛЕН 002Р-03|RU000A10B2F7|-
ТГК-14 001Р-05|RU000A10AS02|-
Брусника 002Р-05|RU000A10B313|-
ВсеИнструменты.ру 001Р-04|RU000A10AXP8|-
ГЛОРАКС 001P-03|RU000A10ATR2|-
ГТЛК 002P-07|RU000A10AU73|-
ГТЛК 002Р-04|RU000A10A3Z4|-
Делимобиль 001Р-05|RU000A10AV31|-
Кокс 001P-02|RU000A10B0R6|-
Магнит БО-004Р-05|RU000A10A9Z1|-
НОВЫЕ ТЕХНОЛОГИИ 001Р-02|RU000A10AHE5|-
Новые Технологии, 001Р-04|RU000A10AYF7|-
ПАО «Селигдар» 001Р-02|RU000A10B1X2|-
ПАО АФК «Система» 002Р-01|RU000A10B024|-
ПСБ Лизинг оббП01|RU000A10AA10|-
Почта России|RU000A101ZH4|-
РЕСО-Лизинг БО-П-23|RU000A10AHC9|-
РОЛЬФ 001P-07|RU000A10ASE2|-
Республика Башкортостан 34014|RU000A10AC91|-
СУЭК-Финанс выпуск 5|RU000A101CQ4|-
Садко 001P-01|RU000A109SX9|-
Томская область 34072|RU000A10AC75|-
ЭР-Телеком Холдинг ПБО-02-09|RU000A10B0Z9|-
Эталон Финанс 002P-03|RU000A10BAP4|-
Полипласт П02-БО-04|RU000A10BFJ6|-
Селигдар 001Р-03|RU000A10B933|-
Сэтл Групп 002Р-04|RU000A10B8M0|-
Р-Вижн 001P-02|RU000A10B7W1|-
ГЛОРАКС оббП04|RU000A10B9Q9|-
ГК Самолет БО-П16|RU000A10BFX7|-